INSERT INTO countries (name)
VALUES ('Россия'),
    ('Китай'),
    ('США'),
    ('Канада'),
    ('Япония'),
    ('Беларусь'),
    ('Тайвань'),
    ('Нидерланды');
INSERT INTO customers (fullname, type, discount, wallet)
VALUES ('Петров А.К.', 'ФЛ', 0, 10200),
    ('Овиченко П.Ф.', 'ФЛ', 0, 400),
    ('Наминов Р.Д.', 'ФЛ', 0, 7032),
    ('Фратонов К.Л.', 'ФЛ', 0, 1000),
    ('ИП Иванова А.У.', 'ЮЛ', 10, 230000),
    ('Иванов С.А.', 'ФЛ', 0, 21040),
    ('Кулякова Р.И.', 'ФЛ', 0, 6700),
    ('Сидоров А.А.', 'ФЛ', 0, 10000),
    ('ООО Азимут', 'ЮЛ', 10, 142000),
    ('Пригнак А.К.', 'ФЛ', 0, 29030),
    ('Уров Г.Н.', 'ФЛ', 0, 100000),
    ('Аникин Б.Ю.', 'ФЛ', 0, 8350),
    ('ООО Компания БКС', 'ЮЛ', 10, 534000);
INSERT INTO vendors (name, phone, id_country)
VALUES ('ООО РЕД СКИЛЛ', '89124216754', round(1 + random() * 8)),
    ('Nrg Sport', '1238967', round(1 + random() * 8)),
    ('Deporte Shop', '9998877', round(1 + random()*8)),
    ('Фабрика 6F', '89538892931', round(1 + random()*8)),
    ('Sixteen Tons', '2121212', round(1 + random()*8)),
    ('ООО Зубрава', '8120735', round(1 + random()*8)),
    ('BEST ORIGINAL', '89133334455',round(1 + random()*8)),
    ('ПО Кобра', '1234567', round(1 + random()*8)),
    ('Pro Equipment', '5555555', round(1 + random()*8)),
    ('HighMount', '6589292', round(1 + random()*8));
INSERT INTO manufacturers (name, id_country) VALUES
('Alpinestars', round(1+random()*7)),
('Acerbis', round(1+random()*7)),
('Daytona', round(1+random()*7)),
('MadBull', round(1+random()*7)),
('INFLAME', round(1+random()*7)),
('BLAUER', round(1+random()*7)),
('Hein Gericke', round(1+random()*7)),
('IXS Motorcycle Fashion', round(1+random()*7)),
('SPYKE', round(1+random()*7)),
('Fox Head Inc', round(1+random()*7));
INSERT INTO equip (name, price, id_vendor, id_manufacturer, date_release) VALUES
('Рюкзак', round(100+random()*10000), round(1+random()*7), round(1+random()*9), '2022-01-20'),
('Палатка', round(100+random()*10000), round(1+random()*7), round(1+random()*9), '2022-01-21'),
('Спальный мешок', round(100+random()*10000), round(1+random()*7), round(1+random()*9), '2022-02-11'),
('Сидушка', round(100+random()*10000), round(1+random()*7), round(1+random()*9), '2022-02-12'),
('Палки треккинговые', round(100+random()*10000), round(1+random()*7), round(1+random()*9), '2022-03-22'),
('Маленький рюкзак для городов и радиалок', round(100+random()*10000), round(1+random()*7), round(1+random()*9), '2022-03-23'),
('Штаны', round(100+random()*10000), round(1+random()*7), round(1+random()*9), '2022-04-13'),
('Термобелье', round(100+random()*10000), round(1+random()*7), round(1+random()*9), '2022-04-14'),
('Флисовый батник', round(100+random()*10000), round(1+random()*7), round(1+random()*9), '2022-05-24'),
('Дождевик', round(100+random()*10000), round(1+random()*7), round(1+random()*9), '2022-05-25'),
('Панама', round(100+random()*10000), round(1+random()*7), round(1+random()*9), '2022-06-15'),
('Защитные перчатки', round(100+random()*10000), round(1+random()*7), round(1+random()*9), '2022-06-16'),
('Белье', round(100+random()*10000), round(1+random()*7), round(1+random()*9), '2022-07-26'),
('Треккинговые ботинки', round(100+random()*10000), round(1+random()*7), round(1+random()*9), '2022-07-27'),
('Кроссовки треккинговые', round(100+random()*10000), round(1+random()*7), round(1+random()*9), '2022-08-17'),
('cланци для бивака', round(100+random()*10000), round(1+random()*7), round(1+random()*9), '2022-08-18'),
('Солнцезащитные очки', round(100+random()*10000), round(1+random()*7), round(1+random()*9), '2022-09-28'),
('Солнцезащитеый крем', round(100+random()*10000), round(1+random()*7), round(1+random()*9), '2022-09-29'),
('Средства личной гигиены', round(100+random()*10000), round(1+random()*7), round(1+random()*9), '2022-10-19'),
('Набор одноразовой посуды', round(100+random()*10000), round(1+random()*7), round(1+random()*9), '2022-10-10'),
('Фонарик', round(100+random()*10000), round(1+random()*7), round(1+random()*9), '2022-11-20'),
('Личная аптечка', round(100+random()*10000), round(1+random()*7), round(1+random()*9), '2022-11-21'),
('Герметичные пакеты', round(100+random()*10000), round(1+random()*7), round(1+random()*9), '2022-12-31'),
('Газовая горелка', round(100+random()*10000), round(1+random()*7), round(1+random()*9), '2022-12-30');
INSERT INTO orders (id_customer, equip_name, quantity, date_sold) VALUES 
(round(2+random()*12), 'Рюкзак', round(1+random()*4), '2022-03-21'),
(round(2+random()*12), 'Палатка', round(1+random()*4), '2022-03-22'),
(round(2+random()*12), 'Спальный мешок', round(1+random()*4), '2022-04-23'),
(round(2+random()*12), 'Сидушка', round(1+random()*4), '2022-04-24'),
(round(2+random()*12), 'Палки треккинговые', round(1+random()*4), '2022-04-15'),
(round(2+random()*12), 'Маленький рюкзак для городов и радиалок', round(1+random()*4), '2022-04-16'),
(round(2+random()*12), 'Штаны', round(1+random()*4), '2022-05-17'),
(round(2+random()*12), 'Термобелье', round(1+random()*4), '2022-05-18'),
(round(2+random()*12), 'Флисовый батник', round(1+random()*4), '2022-05-31'),
(round(2+random()*12), 'Дождевик', round(1+random()*4), '2022-06-30'),
(round(2+random()*12), 'Панама', round(1+random()*4), '2022-07-29'),
(round(2+random()*12), 'Защитные перчатки', round(1+random()*4), '2022-07-30'),
(round(2+random()*12), 'Белье', round(1+random()*4), '2022-08-19'),
(round(2+random()*12), 'Треккинговые ботинки', round(1+random()*4), '2022-08-28'),
(round(2+random()*12), 'Кроссовки треккинговые', round(1+random()*4), '2022-09-17'),
(round(2+random()*12), 'Солнцезащитные очки', round(1+random()*4), '2022-10-25'),
(round(2+random()*12), 'Солнцезащитный крем', round(1+random()*4), '2022-10-24'),
(round(2+random()*12), 'Средства личной гигиены', round(1+random()*4), '2022-10-23'),
(round(2+random()*12), 'Набор одноразовой посуды', round(1+random()*4), '2022-10-12'),
(round(2+random()*12), 'Фонарик', round(1+random()*4), '2022-11-29'),
(round(2+random()*12), 'Личная аптечка', round(1+random()*4), '2022-11-30'),
(round(2+random()*12), 'Герметичные пакеты', round(1+random()*4), '2023-01-01'),
(round(2+random()*12), 'Газовая горелка', round(1+random()*4), '2022-12-31'),
(round(2+random()*12), 'Рюкзак', round(1+random()*4), '2023-01-13'),
(round(2+random()*12), 'Палатка', round(1+random()*4), '2023-01-12'),
(round(2+random()*12), 'Спальный мешок', round(1+random()*4), '2023-02-14'),
(round(2+random()*12), 'Сидушка', round(1+random()*4), '2023-02-15'),
(round(2+random()*12), 'Палки треккинговые', round(1+random()*4), '2023-03-27'),
(round(2+random()*12), 'Маленький рюкзак для городов и радиалок', round(1+random()*4), '2023-03-20'),
(round(2+random()*12), 'Штаны', round(1+random()*4), '2023-03-21'),
(round(2+random()*12), 'Дождевик', round(1+random()*4), '2023-04-22'),
(round(2+random()*12), 'Фонарик', round(1+random()*4), '2023-04-13'),
(round(2+random()*12), 'Газовая горелка', round(1+random()*4), '2023-04-14'),
(round(2+random()*12), 'Средства личной гигиены', round(1+random()*4), '2023-05-15'),
(round(2+random()*12), 'Панама', round(1+random()*4), '2023-05-16');